DATE,USSO10Y Curncy,USSO1Y Curncy,USSO1Z Curncy,USSO2Y Curncy,USSO30Y Curncy,USSO3Z Curncy,USSO5Y Curncy,USSO6Z Curncy
2021-01-25,,,0.07925,,,0.075,,
2021-01-26,,,0.0752,,,0.07775,,
2021-01-27,,,0.075,,,0.073,,
2021-01-28,,,0.0751,,,0.073,,
2021-01-29,,,0.061,,,0.062,,
2021-01-30,,,0.061,,,0.062,,
2021-01-31,,,0.061,,,0.062,,
2021-02-01,,,0.065,,,0.063,,
2021-02-02,,,0.071,,,0.071,,
2021-02-03,,,0.06875,,,0.069,,
2021-02-04,,,0.0635,,,0.063,,
2021-02-05,,,0.0625,,,0.059,,
2021-02-06,,,0.0625,,,0.059,,
2021-02-07,,,0.0625,,,0.059,,
2021-02-08,,,0.066,,,0.066,,
2021-02-09,,,0.0685,,,0.07,,
2021-02-10,,,0.0695,,,0.066,,
2021-02-11,,,0.069,,,0.06525,,
2021-02-12,,,0.068,,,0.065,,
2021-02-13,,,0.068,,,0.065,,
2021-02-14,,,0.068,,,0.065,,
2021-02-15,,,0.07,,,0.07,,
2021-02-16,,,0.065,,,0.06525,,
2021-02-17,,,0.0665,,,0.067,,
2021-02-18,,,0.068,,,0.065,,
2021-02-19,,,0.06555,,,0.061,,
2021-02-20,,,0.06555,,,0.061,,
2021-02-21,,,0.06555,,,0.061,,
2021-02-22,,,0.0675,,,0.067,,
2021-02-23,,,0.0654,,,0.06525,,
2021-02-24,,,0.06465,,,0.06575,,
2021-02-25,,,0.06255,,,0.06775,,
2021-02-26,,,0.07,,,0.069,,
2021-02-27,,,0.07,,,0.069,,
2021-02-28,,,0.07,,,0.069,,
2021-03-01,,,0.07,,,0.069,,
2021-03-02,,,0.07,,,0.069,,
2021-03-03,,,0.07,,,0.068,,
2021-03-04,,,0.07,,,0.069,,
2021-03-05,,,0.0695,,,0.065,,
2021-03-06,,,0.0695,,,0.065,,
2021-03-07,,,0.0695,,,0.065,,
2021-03-08,,,0.07,,,0.068,,
2021-03-09,,,0.07,,,0.06625,,
2021-03-10,,,0.07,,,0.068,,
2021-03-11,,,0.0684,,,0.068,,
2021-03-12,,,0.068,,,0.068,,
2021-03-13,,,0.068,,,0.068,,
2021-03-14,,,0.068,,,0.068,,
2021-03-15,,,0.0677,,,0.067,,
2021-03-16,,,0.07,,,0.072,,
2021-03-17,,,0.0652,,,0.066,,
2021-03-18,,,0.064,,,0.065,,
2021-03-19,,,0.06375,,,0.065,,
2021-03-20,,,0.06375,,,0.065,,
2021-03-21,,,0.06375,,,0.065,,
2021-03-22,,,0.064,,,0.065,,
2021-03-23,,,0.0695,,,0.063,,
2021-03-24,,,0.0695,,,0.063,,
2021-03-25,,,0.0675,,,0.066,,
2021-03-26,,,0.0641,,,0.061,,
2021-03-27,,,0.0641,,,0.061,,
2021-03-28,,,0.0641,,,0.061,,
2021-03-29,,,0.0651,,,0.064,,
2021-03-30,,,0.065,,,0.063,,
2021-03-31,,,0.06255,,,0.064,,
2021-04-01,,,0.062,,,0.062,,
2021-04-02,,,0.0625,,,0.062,,
2021-04-03,,,0.0625,,,0.062,,
2021-04-04,,,0.0625,,,0.062,,
2021-04-05,,,0.0635,,,0.065,,
2021-04-06,,,0.06375,,,0.065,,
2021-04-07,,,0.068,,,0.06575,,
2021-04-08,,,0.066,,,0.068,,
2021-04-09,,,0.065,,,0.065,,
2021-04-10,,,0.065,,,0.065,,
2021-04-11,,,0.065,,,0.065,,
2021-04-12,,,0.0645,,,0.06725,,
2021-04-13,,,0.0652,,,0.07,,
2021-04-14,,,0.06785,,,0.0707,,
2021-04-15,,,0.0685,,,0.07725,,
2021-04-16,,,0.06935,,,0.07725,,
2021-04-17,,,0.06935,,,0.07725,,
2021-04-18,,,0.06935,,,0.07725,,
2021-04-19,,,0.06787,,,0.078,,
2021-04-20,,,0.06805,,,0.078,,
2021-04-21,,,0.0702,,,0.0771,,
2021-04-22,,,0.0743,,,0.0764,,
2021-04-23,,,0.07635,,,0.07675,,
2021-04-24,,,0.07635,,,0.07675,,
2021-04-25,,,0.07635,,,0.07675,,
2021-04-26,,,0.077,,,0.0772,,
2021-04-27,,,0.0775,,,0.07775,,
2021-04-28,,,0.06975,,,0.0699,,
2021-04-29,,,0.07,,,0.069,,
2021-04-30,,,0.07,,,0.07,,
2021-05-01,,,0.07,,,0.07,,
2021-05-02,,,0.07,,,0.07,,
2021-05-03,,,0.074,,,0.071,,
2021-05-04,,,0.07055,,,0.07,,
2021-05-05,,,0.07,,,0.07,,
2021-05-06,,,0.07,,,0.068,,
2021-05-07,,,0.065,,,0.06525,,
2021-05-08,,,0.065,,,0.06525,,
2021-05-09,,,0.065,,,0.06525,,
2021-05-10,,,0.062,,,0.06525,,
2021-05-11,,,0.06485,,,0.06525,,
2021-05-12,,,0.06415,,,0.06525,,
2021-05-13,,,0.064,,,0.06525,,
2021-05-14,,,0.062,,,0.06525,,
2021-05-15,,,0.062,,,0.06525,,
2021-05-16,,,0.062,,,0.06525,,
2021-05-17,,,0.0616,,,0.065,,
2021-05-18,,,0.063,,,0.065,,
2021-05-19,,,0.061,,,0.065,,
2021-05-20,,,0.06,,,0.06,,
2021-05-21,,,0.06,,,0.06,,
2021-05-22,,,0.06,,,0.06,,
2021-05-23,,,0.06,,,0.06,,
2021-05-24,,,0.0612,,,0.064,,
2021-05-25,,,0.06122,,,0.064,,
2021-05-26,,,0.06037,,,0.062,,
2021-05-27,,,0.0613,,,0.065,,
2021-05-28,,,0.058,,,0.066,,
2021-05-29,,,0.058,,,0.066,,
2021-05-30,,,0.058,,,0.066,,
2021-05-31,,,0.06,,,0.0717,,
2021-06-01,,,0.06182,,,0.0687,,
2021-06-02,,,0.06165,,,0.0678,,
2021-06-03,,,0.06095,,,0.0696,,
2021-06-04,,,0.06095,,,0.07525,,
2021-06-05,,,0.06095,,,0.07525,,
2021-06-06,,,0.06095,,,0.07525,,
2021-06-07,,,0.063,,,0.072,,
2021-06-08,,,0.063,,,0.07,,
2021-06-09,,,0.06345,,,0.07,,
2021-06-10,,,0.065,,,0.068,,
2021-06-11,,,0.06655,,,0.067,,
2021-06-12,,,0.06655,,,0.067,,
2021-06-13,,,0.06655,,,0.067,,
2021-06-14,,,0.07627,,,0.081,,
2021-06-15,,,0.0787,,,0.0775,,
2021-06-16,,,0.10155,,,0.1026,,
2021-06-17,,,0.098,,,0.10025,,
2021-06-18,,,0.097,,,0.098,,
2021-06-19,,,0.097,,,0.098,,
2021-06-20,,,0.097,,,0.098,,
2021-06-21,,,0.097,,,0.097,,
2021-06-22,,,0.09582,,,0.097,,
2021-06-23,,,0.09507,,,0.1,,
2021-06-24,,,0.09495,,,0.1,,
2021-06-25,,,0.09378,,,0.1,,
2021-06-26,,,0.09378,,,0.1,,
2021-06-27,,,0.09378,,,0.1,,
2021-06-28,,,0.09427,,,0.1,,
2021-06-29,,,0.09538,,,0.1,,
2021-06-30,,,0.1,,,0.1,,
2021-07-01,,,0.095,,,0.1,,
2021-07-02,,,0.096,,,0.096,,
2021-07-03,,,0.096,,,0.096,,
2021-07-04,,,0.096,,,0.096,,
2021-07-05,,,0.096,,,0.1,,
2021-07-06,,,0.09505,,,0.096,,
2021-07-07,,,0.09595,,,0.0958,,
2021-07-08,,,0.0956,,,0.098,,
2021-07-09,,,0.09555,,,0.098,,
2021-07-10,,,0.09555,,,0.098,,
2021-07-11,,,0.09555,,,0.098,,
2021-07-12,,,0.09445,,,0.097,,
2021-07-13,,,0.094,,,0.0942,,
2021-07-14,,,0.094,,,0.0941,,
2021-07-15,,,0.093,,,0.092,,
2021-07-16,,,0.09345,,,0.092,,
2021-07-17,,,0.09345,,,0.092,,
2021-07-18,,,0.09345,,,0.092,,
2021-07-19,,,0.09125,,,0.0927,,
2021-07-20,,,0.095,,,0.095,,
2021-07-21,,,0.0946,,,0.094,,
2021-07-22,,,0.09415,,,0.093,,
2021-07-23,,,0.09385,,,0.093,,
2021-07-24,,,0.09385,,,0.093,,
2021-07-25,,,0.09385,,,0.093,,
2021-07-26,,,0.09325,,,0.0927,,
2021-07-27,,,0.09075,,,0.0925,,
2021-07-28,,,0.0909,,,0.094,,
2021-07-29,,,0.0925,,,0.094,,
2021-07-30,,,0.09077,,,0.0955,,
2021-07-31,,,0.09077,,,0.0955,,
2021-08-01,,,0.09077,,,0.0955,,
2021-08-02,,,0.09285,,,0.092,,
2021-08-03,,,0.09265,,,0.096,,
2021-08-04,,,0.0925,,,0.095,,
2021-08-05,,,0.09585,,,0.097,,
2021-08-06,,,0.09585,,,0.097,,
2021-08-07,,,0.09585,,,0.097,,
2021-08-08,,,0.09585,,,0.097,,
2021-08-09,,,0.0951,,,0.096,,
2021-08-10,,,0.09503,,,0.10025,,
2021-08-11,,,0.09475,,,0.098,,
2021-08-12,,,0.09452,,,0.096,,
2021-08-13,,,0.09313,,,0.098,,
2021-08-14,,,0.09313,,,0.098,,
2021-08-15,,,0.09313,,,0.098,,
2021-08-16,,,0.09367,,,0.095,,
2021-08-17,,,0.09345,,,0.096,,
2021-08-18,,,0.09198,,,0.095,,
2021-08-19,,,0.09155,,,0.092,,
2021-08-20,,,0.08765,,,0.09,,
2021-08-21,,,0.08765,,,0.09,,
2021-08-22,,,0.08765,,,0.09,,
2021-08-23,,,0.09143,,,0.09,,
2021-08-24,,,0.089,,,0.09,,
2021-08-25,,,0.09233,,,0.09025,,
2021-08-26,,,0.09,,,0.09,,
2021-08-27,,,0.08887,,,0.088,,
2021-08-28,,,0.08887,,,0.088,,
2021-08-29,,,0.08887,,,0.088,,
2021-08-30,,,0.07982,,,0.08025,,
2021-08-31,,,0.07987,,,0.076,,
2021-09-01,,,0.0797,,,0.078,,
2021-09-02,,,0.0813,,,0.0788,,
2021-09-03,,,0.07903,,,0.07775,,
2021-09-04,,,0.07903,,,0.07775,,
2021-09-05,,,0.07903,,,0.07775,,
2021-09-06,,,0.078,,,0.0769,,
2021-09-07,,,0.077,,,0.077,,
2021-09-08,,,0.077,,,0.0765,,
2021-09-09,,,0.077,,,0.0755,,
2021-09-10,,,0.0806,,,0.07725,,
2021-09-11,,,0.0806,,,0.07725,,
2021-09-12,,,0.0806,,,0.07725,,
2021-09-13,,,0.0806,,,0.077,,
2021-09-14,,,0.08,,,0.07675,,
2021-09-15,,,0.07897,,,0.0797,,
2021-09-16,,,0.08015,,,0.082,,
2021-09-17,,,0.07965,,,0.0799,,
2021-09-18,,,0.07965,,,0.0799,,
2021-09-19,,,0.07965,,,0.0799,,
2021-09-20,,,0.0797,,,0.0799,,
2021-09-21,,,0.0753,,,0.08025,,
2021-09-22,,,0.07705,,,0.08,,
2021-09-23,,,0.07563,,,0.08,,
2021-09-24,,,0.0758,,,0.078,,
2021-09-25,,,0.0758,,,0.078,,
2021-09-26,,,0.0758,,,0.078,,
2021-09-27,,,0.0797,,,0.08,,
2021-09-28,,,0.0788,,,0.08025,,
2021-09-29,,,0.077,,,0.08025,,
2021-09-30,,,0.07707,,,0.077,,
2021-10-01,,,0.07993,,,0.079,,
2021-10-02,,,0.07993,,,0.079,,
2021-10-03,,,0.07993,,,0.079,,
2021-10-04,,,0.07982,,,0.08025,,
2021-10-05,,,0.0797,,,0.08,,
2021-10-06,,,0.0794,,,0.08,,
2021-10-07,,,0.07672,,,0.0771,,
2021-10-08,,,0.07608,,,0.077,,
2021-10-09,,,0.07608,,,0.077,,
2021-10-10,,,0.07608,,,0.077,,
2021-10-11,,,0.0775,,,0.081,,
2021-10-12,,,0.078,,,0.08025,,
2021-10-13,,,0.0776,,,0.079,,
2021-10-14,,,0.0727,,,0.0771,,
2021-10-15,,,0.0725,,,0.076,,
2021-10-16,,,0.0725,,,0.076,,
2021-10-17,,,0.0725,,,0.076,,
2021-10-18,,,0.0755,,,0.0785,,
2021-10-19,,,0.07387,,,0.0754,,
2021-10-20,,,0.07367,,,0.076,,
2021-10-21,,,0.0804,,,0.0759,,
2021-10-22,,,0.07425,,,0.0777,,
2021-10-23,,,0.07425,,,0.0777,,
2021-10-24,,,0.07425,,,0.0777,,
2021-10-25,,,0.0813,,,0.07725,,
2021-10-26,,,0.0815,,,0.0771,,
2021-10-27,,,0.07557,,,0.07675,,
2021-10-28,,,0.0875,,,0.0774,,
2021-10-29,,,0.0716,,,0.07575,,
2021-10-30,,,0.0716,,,0.07575,,
2021-10-31,,,0.0716,,,0.07575,,
2021-11-01,,,0.07605,,,0.07275,,
2021-11-02,,,0.069,,,0.07325,,
2021-11-03,,,0.0774,,,0.0775,,
2021-11-04,,,0.0779,,,0.077,,
2021-11-05,,,0.0778,,,0.078,,
2021-11-06,,,0.0778,,,0.078,,
2021-11-07,,,0.0778,,,0.078,,
2021-11-08,,,0.07845,,,0.079,,
2021-11-09,,,0.0782,,,0.078,,
2021-11-10,,,0.078,,,0.08025,,
2021-11-11,,,0.078,,,0.08025,,
2021-11-12,,,0.07855,,,0.08025,,
2021-11-13,,,0.07855,,,0.08025,,
2021-11-14,,,0.07855,,,0.08025,,
2021-11-15,,,0.0782,,,0.078,,
2021-11-16,,,0.0822,,,0.08025,,
2021-11-17,,,0.08,,,0.08025,,
2021-11-18,,,0.081,,,0.079,,
2021-11-19,,,0.0837,,,0.08025,,
2021-11-20,,,0.0837,,,0.08025,,
2021-11-21,,,0.0837,,,0.08025,,
2021-11-22,,,0.082,,,0.087,,
2021-11-23,,,0.0803,,,0.08025,,
2021-11-24,,,0.08495,,,0.056,,
2021-11-25,,,0.08495,,,0.068,,
2021-11-26,,,0.08,,,0.0788,,
2021-11-27,,,0.08,,,0.0788,,
2021-11-28,,,0.08,,,0.0788,,
2021-11-29,,,0.08,,,0.08,,
2021-11-30,,,0.0803,,,0.081,,
2021-12-01,,,0.08,,,0.08,,
2021-12-02,,,0.08025,,,0.079,,
2021-12-03,,,0.0828,,,0.079,,
2021-12-04,,,0.0828,,,0.079,,
2021-12-05,,,0.0828,,,0.079,,
2021-12-06,,,0.08485,,,0.07875,,
2021-12-07,,,0.0863,,,0.07825,,
2021-12-08,,,0.0835,,,0.0803,,
2021-12-09,,,0.08,,,0.08,,
2021-12-10,,,0.0801,,,0.0801,,
2021-12-11,,,0.0801,,,0.0801,,
2021-12-12,,,0.08,,,0.08,,
2021-12-13,,,0.08425,,,0.083,,
2021-12-14,,,0.0849,,,0.087,,
2021-12-15,,,0.0808,,,0.082,,
2021-12-16,,,0.0805,,,0.082,,
2021-12-17,,,0.0832,,,0.083,,
2021-12-18,,,0.0832,,,0.083,,
2021-12-19,,,0.084,,,0.083,,
2021-12-20,,,0.08,,,0.077,,
2021-12-21,,,0.0792,,,0.08,,
2021-12-22,,,0.08,,,0.077,,
2021-12-23,,,0.08,,,0.08025,,
2021-12-24,,,0.074,,,0.076,,
2021-12-25,,,0.074,,,0.076,,
2021-12-26,,,0.073,,,0.076,,
2021-12-27,,,0.073,,,0.081,,
2021-12-28,,,0.077,,,0.076,,
2021-12-29,,,0.073,,,0.076,,
2021-12-30,,,0.081,,,0.08,,
2021-12-31,,,0.08025,,,0.08025,,
2022-01-01,,,0.08025,,,0.08025,,
2022-01-02,,,0.08,,,0.08025,,
2022-01-03,,,0.08,,,0.079,,
2022-01-04,,,0.08115,,,0.08025,,
2022-01-05,,,0.079,,,0.08,,
2022-01-06,,,0.0792,,,0.08325,,
2022-01-07,,,0.082,,,0.08525,,
2022-01-08,,,0.082,,,0.08525,,
2022-01-09,,,0.077,,,0.082,,
2022-01-10,,,0.075,,,0.083,,
2022-01-11,,,0.084,,,0.08525,,
2022-01-12,,,0.078,,,0.084,,
2022-01-13,,,0.0813,,,0.08575,,
2022-01-14,,,0.077,,,0.087,,
2022-01-15,,,0.077,,,0.087,,
2022-01-16,,,0.077,,,0.087,,
2022-01-17,,,0.077,,,0.087,,
2022-01-18,,,0.0771,,,0.09025,,
2022-01-19,,,0.0799,,,0.09075,,
2022-01-20,,,0.0868,,,0.091,,
2022-01-21,,,0.0885,,,0.09,,
2022-01-22,,,0.0885,,,0.09,,
2022-01-23,,,0.086,,,0.09,,
2022-01-24,,,0.0895,,,0.091,,
2022-01-25,,,0.0937,,,0.091,,
2022-01-26,,,0.08255,,,0.0825,,
2022-01-27,,,0.0821,,,0.08025,,
2022-01-28,,,0.0816,,,0.08025,,
2022-01-29,,,0.0816,,,0.08025,,
2022-01-30,,,0.083,,,0.08025,,
2022-01-31,,,0.0851,,,0.081,,
2022-02-01,,,0.0818,,,0.081,,
2022-02-02,,,0.081,,,0.081,,
2022-02-03,,,0.082,,,0.08025,,
2022-02-04,,,0.095,,,0.095,,
2022-02-05,,,0.095,,,0.095,,
2022-02-06,,,0.095,,,0.095,,
2022-02-07,,,0.089,,,0.09,,
2022-02-08,,,0.09,,,0.09,,
2022-02-09,,,0.09,,,0.091,,
2022-02-10,,,0.096,,,0.207,,
2022-02-11,,,0.108,,,0.143,,
2022-02-12,,,0.108,,,0.143,,
2022-02-13,,,0.108,,,0.143,,
2022-02-14,,,0.093,,,0.101,,
2022-02-15,,,0.089,,,0.098,,
2022-02-16,,,0.083,,,0.091,,
2022-02-17,,,0.0886,,,0.09,,
2022-02-18,,,0.087,,,0.094,,
2022-02-19,,,0.087,,,0.094,,
2022-02-20,,,0.088,,,0.095,,
2022-02-21,,,0.091,,,0.087,,
2022-02-22,,,0.087,,,0.092,,
2022-02-23,,,0.088,,,0.104,,
2022-02-24,,,0.091,,,0.141,,
2022-02-25,,,0.085,,,0.159,,
2022-02-26,,,0.085,,,0.159,,
2022-02-27,,,0.085,,,0.159,,
2022-02-28,,,0.09975,,,0.171,,
2022-03-01,,,0.1,,,0.179,,
2022-03-02,,,0.096,,,0.186,,
2022-03-03,,,0.097,,,0.223,,
2022-03-04,,,0.098,,,0.228,,
2022-03-05,,,0.098,,,0.228,,
2022-03-06,,,0.098,,,0.228,,
2022-03-07,,,0.105,,,0.24,,
2022-03-08,,,0.098,,,0.254,,
2022-03-09,,,0.1354,,,0.274,,
2022-03-10,,,0.223,,,0.30025,,
2022-03-11,,,0.264,,,0.316,,
2022-03-12,,,0.264,,,0.316,,
2022-03-13,,,0.27,,,0.318,,
2022-03-14,,,0.3169,,,0.34175,,
2022-03-15,,,0.3618,,,0.3622,,
2022-03-16,,,0.3403,,,0.3425,,
2022-03-17,,,0.3324,,,0.382,,
2022-03-18,,,0.331,,,0.334,,
2022-03-19,,,0.331,,,0.334,,
2022-03-20,,,0.331,,,0.334,,
2022-03-21,,,0.3334,,,0.33875,,
2022-03-22,,,0.33475,,,0.341,,
2022-03-23,,,0.33475,,,0.339,,
2022-03-24,,,0.33525,,,0.33825,,
2022-03-25,,,0.341,,,0.34125,,
2022-03-26,,,0.341,,,0.34125,,
2022-03-27,,,0.341,,,0.345,,
2022-03-28,,,0.343,,,0.345,,
2022-03-29,,,0.341,,,0.341,,
2022-03-30,,,0.342,,,0.342,,
2022-03-31,,,0.335,,,0.343,,
2022-04-01,,,0.34025,,,0.34025,,
2022-04-02,,,0.34025,,,0.34025,,
2022-04-03,,,0.34025,,,0.34025,,
2022-04-04,,,0.342,,,0.347,,
2022-04-05,,,0.345,,,0.345,,
2022-04-06,,,0.344,,,0.344,,
2022-04-07,,,0.343,,,0.343,,
2022-04-08,,,0.34275,,,0.346,,
2022-04-09,,,0.34275,,,0.346,,
2022-04-10,,,0.34275,,,0.346,,
2022-04-11,,,0.346,,,0.344,,
2022-04-12,,,0.323,,,0.323,,
2022-04-13,,,0.332,,,0.35375,,
2022-04-14,,,0.332,,,0.42475,,
2022-04-15,,,0.335,,,0.427,,
2022-04-16,,,0.335,,,0.427,,
2022-04-17,,,0.335,,,0.427,,
2022-04-18,,,0.332,,,0.4716,,
2022-04-19,,,0.331,,,0.4981,,
2022-04-20,,,0.331,,,0.524,,
2022-04-21,,,0.331,,,0.6055,,
2022-04-22,,,0.33,,,0.611,,
2022-04-23,,,0.33,,,0.611,,
2022-04-24,,,0.33,,,0.611,,
2022-04-25,,,0.33,,,0.611,,
2022-04-26,,,0.33025,,,0.611,,
2022-04-27,,,0.40225,,,0.611,,
2022-04-28,,,0.621,,,0.611,,
2022-04-29,,,0.70175,,,0.611,,
2022-04-30,,,0.70175,,,0.611,,
2022-05-01,,,0.70175,,,0.611,,
2022-05-02,,,0.7778,,,0.829,,
2022-05-03,,,0.849,,,0.829,,
2022-05-04,,,0.8355,,,0.848,,
2022-05-05,,,0.835,,,0.848,,
2022-05-06,,,0.8355,,,0.848,,
2022-05-07,,,0.8355,,,0.848,,
2022-05-08,,,0.8355,,,0.848,,
2022-05-09,,,0.835,,,0.831,,
2022-05-10,,,0.8328,,,0.83275,,
2022-05-11,,,0.83275,,,0.83275,,
2022-05-12,,,0.8315,,,0.83275,,
2022-05-13,,,0.8315,,,0.8312,,
2022-05-14,,,0.8315,,,0.8312,,
2022-05-15,,,0.8315,,,0.8312,,
2022-05-16,,,0.832,,,0.8312,,
2022-05-17,,,0.832,,,0.8312,,
2022-05-18,,,0.8321,,,0.832,,
2022-05-19,,,0.8325,,,0.832,,
2022-05-20,,,0.8328,,,0.8325,,
2022-05-21,,,0.8328,,,0.8325,,
2022-05-22,,,0.8328,,,0.8325,,
2022-05-23,,,0.8328,,,0.8325,,
2022-05-24,,,0.8321,,,0.8325,,
2022-05-25,,,0.8321,,,0.8325,,
2022-05-26,,,0.83,,,0.955,,
2022-05-27,,,0.83,,,0.97775,,
2022-05-28,,,0.83,,,0.97775,,
2022-05-29,,,0.83,,,0.97775,,
2022-05-30,,,0.83,,,0.9767,,
2022-05-31,,,0.83,,,1.00025,,
2022-06-01,,,0.82975,,,1.02425,,
2022-06-02,,,0.83,,,1.09675,,
2022-06-03,,,0.8251,,,1.122,,
2022-06-04,,,0.8251,,,1.122,,
2022-06-05,,,0.8251,,,1.122,,
2022-06-06,,,0.8301,,,1.14875,,
2022-06-07,,,0.83,,,1.174,,
2022-06-08,,,0.904,,,1.195,,
2022-06-09,,,1.1531,,,1.278,,
2022-06-10,,,1.2228,,,1.33325,,
2022-06-11,,,1.2228,,,1.33325,,
2022-06-12,,,1.2228,,,1.33325,,
2022-06-13,,,1.43275,,,1.498,,
2022-06-14,,,1.551,,,1.561,,
2022-06-15,,,1.59475,,,1.59875,,
2022-06-16,,,1.58335,,,1.591,,
2022-06-17,,,1.5885,,,1.594,,
2022-06-18,,,1.5885,,,1.594,,
2022-06-19,,,1.5885,,,1.594,,
2022-06-20,,,1.5885,,,1.594,,
2022-06-21,,,1.5865,,,1.587,,
2022-06-22,,,1.585,,,1.594,,
2022-06-23,,,1.585,,,1.593,,
2022-06-24,,,1.59025,,,1.593,,
2022-06-25,,,1.59025,,,1.593,,
2022-06-26,,,1.59025,,,1.593,,
2022-06-27,,,1.588,,,1.593,,
2022-06-28,,,1.587,,,1.589,,
2022-06-29,,,1.58825,,,1.5907,,
2022-06-30,,,1.5855,,,1.6009,,
2022-07-01,,,1.589,,,1.589,,
2022-07-02,,,1.589,,,1.589,,
2022-07-03,,,1.589,,,1.589,,
2022-07-04,,,1.589,,,1.589,,
2022-07-05,,,1.58445,,,1.5877,,
2022-07-06,,,1.583,,,1.614,,
2022-07-07,,,1.5875,,,1.725,,
2022-07-08,,,1.58655,,,1.762,,
2022-07-09,,,1.58655,,,1.762,,
2022-07-10,,,1.58655,,,1.762,,
2022-07-11,,,1.587,,,1.762,,
2022-07-12,,,1.58665,,,1.835,,
2022-07-13,,,1.58975,,,1.939,,
2022-07-14,,,1.5915,,,2.024,,
2022-07-15,,,1.582,,,2.037,,
2022-07-16,,,1.582,,,2.037,,
2022-07-17,,,1.582,,,2.037,,
2022-07-18,,,1.58235,,,2.037,,
2022-07-19,,,1.58245,,,2.119,,
2022-07-20,,,1.695,,,2.148,,
2022-07-21,,,2.03,,,2.153,,
2022-07-22,,,2.1315,,,2.153,,
2022-07-23,,,2.1315,,,2.153,,
2022-07-24,,,2.1315,,,2.153,,
2022-07-25,,,2.247,,,2.323,,
2022-07-26,,,2.3621,,,2.293,,
2022-07-27,,,2.335,,,2.3345,,
2022-07-28,,,2.33425,,,2.3345,,
2022-07-29,,,2.334,,,2.336,,
2022-07-30,,,2.334,,,2.336,,
2022-07-31,,,2.334,,,2.336,,
2022-08-01,,,2.3325,,,2.336,,
2022-08-02,,,2.33265,,,2.335,,
2022-08-03,,,2.333,,,2.335,,
2022-08-04,,,2.333,,,2.335,,
2022-08-05,,,2.34705,,,2.335,,
2022-08-06,,,2.34705,,,2.335,,
2022-08-07,,,2.34705,,,2.335,,
2022-08-08,,,2.34955,,,2.335,,
2022-08-09,,,2.34955,,,2.35,,
2022-08-10,,,2.337,,,2.332,,
2022-08-11,,,2.3305,,,2.335,,
2022-08-12,,,2.3305,,,2.336,,
2022-08-13,,,2.3305,,,2.336,,
2022-08-14,,,2.3305,,,2.336,,
2022-08-15,,,2.3305,,,2.337,,
2022-08-16,,,2.3305,,,2.338,,
2022-08-17,,,2.3305,,,2.34,,
2022-08-18,,,2.3305,,,2.34,,
2022-08-19,,,2.3305,,,2.349,,
2022-08-20,,,2.3305,,,2.349,,
2022-08-21,,,2.3305,,,2.349,,
2022-08-22,,,2.3305,,,2.346,,
2022-08-23,,,2.3305,,,2.347,,
2022-08-24,,,2.333,,,2.351,,
2022-08-25,,,2.3425,,,2.342,,
2022-08-26,,,2.339,,,2.342,,
2022-08-27,,,2.339,,,2.342,,
2022-08-28,,,2.339,,,2.342,,
2022-08-29,,,2.337,,,2.336,,
2022-08-30,,,2.33425,,,2.339,,
2022-08-31,,,2.3335,,,2.339,,
2022-09-01,,,2.334,,,2.339,,
2022-09-02,,,2.3345,,,2.518,,
2022-09-03,,,2.3345,,,2.518,,
2022-09-04,,,2.3345,,,2.518,,
2022-09-05,,,2.3345,,,2.518,,
2022-09-06,,,2.3315,,,2.5615,,
2022-09-07,,,2.3315,,,2.599,,
2022-09-08,,,2.3305,,,2.599,,
2022-09-09,,,2.3305,,,2.752,,
2022-09-10,,,2.3305,,,2.752,,
2022-09-11,,,2.3305,,,2.752,,
2022-09-12,,,2.333,,,2.787,,
2022-09-13,,,2.32985,,,2.899,,
2022-09-14,,,2.44585,,,2.908,,
2022-09-15,,,2.7865,,,2.913,,
2022-09-16,,,2.89645,,,2.913,,
2022-09-17,,,2.89645,,,2.913,,
2022-09-18,,,2.89645,,,2.913,,
2022-09-19,,,3.0115,,,3.0912,,
2022-09-20,,,3.126,,,3.1252,,
2022-09-21,,,3.08755,,,3.129,,
2022-09-22,,,3.0875,,,3.09,,
2022-09-23,,,3.088,,,3.0919,,
2022-09-24,,,3.088,,,3.0919,,
2022-09-25,,,3.088,,,3.0919,,
2022-09-26,,,3.091,,,3.0919,,
2022-09-27,,,3.087,,,3.0919,,
2022-09-28,,,3.0835,,,3.0875,,
2022-09-29,,,3.0825,,,3.0875,,
2022-09-30,,,3.08245,,,3.086,,
2022-10-01,,,3.08245,,,3.086,,
2022-10-02,,,3.08245,,,3.086,,
2022-10-03,,,3.083,,,3.086,,
2022-10-04,,,3.0825,,,3.086,,
2022-10-05,,,3.0832,,,3.086,,
2022-10-06,,,3.083,,,3.086,,
2022-10-07,,,3.083,,,3.086,,
2022-10-08,,,3.083,,,3.086,,
2022-10-09,,,3.083,,,3.086,,
2022-10-10,,,3.083,,,3.086,,
2022-10-11,,,3.0825,,,3.086,,
2022-10-12,,,3.083,,,3.086,,
2022-10-13,,,3.08415,,,3.231,,
2022-10-14,,,3.085,,,3.267,,
2022-10-15,,,3.085,,,3.267,,
2022-10-16,,,3.085,,,3.267,,
2022-10-17,,,3.0835,,,3.302,,
2022-10-18,,,3.084,,,3.337,,
2022-10-19,,,3.084,,,3.441,,
2022-10-20,,,3.0825,,,3.49,,
2022-10-21,,,3.083,,,3.5222,,
2022-10-22,,,3.083,,,3.5222,,
2022-10-23,,,3.083,,,3.5222,,
2022-10-24,,,3.082,,,3.558,,
2022-10-25,,,3.0815,,,3.597,,
2022-10-26,,,3.189,,,3.626,,
2022-10-27,,,3.50755,,,3.7224,,
2022-10-28,,,3.616,,,3.7601,,
2022-10-29,,,3.616,,,3.7601,,
2022-10-30,,,3.616,,,3.7601,,
2022-10-31,,,3.726,,,3.8009,,
2022-11-01,,,3.8346,,,3.834,,
2022-11-02,,,3.8355,,,3.824,,
2022-11-03,,,3.8365,,,3.839,,
2022-11-04,,,3.837,,,3.8401,,
2022-11-05,,,3.837,,,3.8401,,
2022-11-06,,,3.837,,,3.8401,,
2022-11-07,,,3.837,,,3.841,,
2022-11-08,,,3.8375,,,3.8405,,
2022-11-09,,,3.838,,,3.833,,
2022-11-10,,,3.83225,,,3.828,,
2022-11-11,,,3.832,,,3.828,,
2022-11-12,,,3.832,,,3.828,,
2022-11-13,,,3.832,,,3.828,,
2022-11-14,,,3.8315,,,3.837,,
2022-11-15,,,3.8315,,,3.8387,,
2022-11-16,,,3.8315,,,3.839,,
2022-11-17,,,3.832,,,3.845,,
2022-11-18,,,3.832,,,3.841,,
2022-11-19,,,3.832,,,3.841,,
2022-11-20,,,3.832,,,3.841,,
2022-11-21,,,3.836,,,3.85,,
2022-11-22,,,3.83255,,,3.884,,
2022-11-23,,,3.83815,,,3.951,,
2022-11-24,,,3.83815,,,3.946,,
2022-11-25,,,3.8335,,,3.973,,
2022-11-26,,,3.8335,,,3.973,,
2022-11-27,,,3.8335,,,3.973,,
2022-11-28,,,3.83795,,,3.996,,
2022-11-29,,,3.8335,,,4.018,,
2022-11-30,,,3.8335,,,4.038,,
2022-12-01,,,3.84125,,,4.125,,
2022-12-02,,,3.8365,,,4.1355,,
2022-12-03,,,3.8365,,,4.1355,,
2022-12-04,,,3.8365,,,4.1355,,
2022-12-05,,,3.8414,,,4.16,,
2022-12-06,,,3.8385,,,4.188,,
2022-12-07,,,3.91,,,4.207,,
2022-12-08,,,4.1295,,,4.2835,,
2022-12-09,,,4.20265,,,4.3045,,
2022-12-10,,,4.20265,,,4.3045,,
2022-12-11,,,4.20265,,,4.3045,,
2022-12-12,,,4.2794,,,4.331,,
2022-12-13,,,4.33715,,,4.345,,
2022-12-14,,,4.33585,,,4.344,,
2022-12-15,,,4.33365,,,4.342,,
2022-12-16,,,4.332,,,4.364,,
2022-12-17,,,4.332,,,4.364,,
2022-12-18,,,4.332,,,4.364,,
2022-12-19,,,4.33455,,,4.336,,
2022-12-20,,,4.33535,,,4.34,,
2022-12-21,,,4.33345,,,4.3385,,
2022-12-22,,,4.335,,,4.337,,
2022-12-23,,,4.3375,,,4.337,,
2022-12-24,,,4.3375,,,4.337,,
2022-12-25,,,4.3375,,,4.337,,
2022-12-26,,,4.3375,,,4.337,,
2022-12-27,,,4.3366,,,4.337,,
2022-12-28,,,4.3366,,,4.337,,
2022-12-29,,,4.33575,,,4.337,,
2022-12-30,,,4.336,,,4.342,,
2022-12-31,,,4.336,,,4.342,,
2023-01-01,,,4.336,,,4.342,,
2023-01-02,,,4.336,,,4.342,,
2023-01-03,,,4.3335,,,4.335,,
2023-01-04,,,4.33325,,,4.335,,
2023-01-05,,,4.3335,,,4.337,,
2023-01-06,,,4.3325,,,4.3365,,
2023-01-07,,,4.3325,,,4.3365,,
2023-01-08,,,4.3325,,,4.3365,,
2023-01-09,,,4.3315,,,4.337,,
2023-01-10,,,4.3315,,,4.335,,
2023-01-11,,,4.3315,,,4.35,,
2023-01-12,,,4.33135,,,4.4,,
2023-01-13,,,4.3315,,,4.413,,
2023-01-14,,,4.3315,,,4.413,,
2023-01-15,,,4.3315,,,4.413,,
2023-01-16,,,4.3315,,,4.413,,
2023-01-17,,,4.3316,,,4.4255,,
2023-01-18,,,4.3315,,,4.437,,
2023-01-19,,,4.3326,,,4.474,,
2023-01-20,,,4.3315,,,4.483,,
2023-01-21,,,4.3315,,,4.483,,
2023-01-22,,,4.3315,,,4.483,,
2023-01-23,,,4.3316,,,4.497,,
2023-01-24,,,4.33345,,,4.51,,
2023-01-25,,,4.3686,,,4.517,,
2023-01-26,,,4.4805,,,4.561,,
2023-01-27,,,4.5155,,,4.566,,
2023-01-28,,,4.5155,,,4.566,,
2023-01-29,,,4.5155,,,4.566,,
2023-01-30,,,4.555,,,4.583,,
2023-01-31,,,4.5905,,,4.5951,,
2023-02-01,,,4.5829,,,4.586,,
2023-02-02,,,4.58275,,,4.586,,
2023-02-03,,,4.583,,,4.586,,
2023-02-04,,,4.583,,,4.586,,
2023-02-05,,,4.583,,,4.586,,
2023-02-06,,,4.583,,,4.599,,
2023-02-07,,,4.583,,,4.5855,,
2023-02-08,,,4.583,,,4.587,,
2023-02-09,,,4.583,,,4.5865,,
2023-02-10,,,4.5795,,,4.585,,
2023-02-11,,,4.5795,,,4.585,,
2023-02-12,,,4.5795,,,4.585,,
2023-02-13,,,4.5817,,,4.587,,
2023-02-14,,,4.5817,,,4.586,,
2023-02-15,,,4.5817,,,4.586,,
2023-02-16,,,4.582,,,4.586,,
2023-02-17,,,4.5829,,,4.588,,
2023-02-18,,,4.5829,,,4.588,,
2023-02-19,,,4.5829,,,4.588,,
2023-02-20,,,4.5829,,,4.584,,
2023-02-21,,,4.5835,,,4.587,,
2023-02-22,,,4.58355,,,4.589,,
2023-02-23,,,4.58385,,,4.587,,
2023-02-24,,,4.583,,,4.585,,
2023-02-25,,,4.583,,,4.585,,
2023-02-26,,,4.583,,,4.585,,
2023-02-27,,,4.582,,,4.585,,
2023-02-28,,,4.57735,,,4.5975,,
2023-03-01,,,4.578,,,4.6,,
2023-03-02,,,4.57895,,,4.6405,,
2023-03-03,,,4.579,,,4.655,,
2023-03-04,,,4.579,,,4.655,,
2023-03-05,,,4.579,,,4.655,,
2023-03-06,,,4.58005,,,4.671,,
2023-03-07,,,4.58,,,4.7165,,
2023-03-08,,,4.57865,,,4.74,,
2023-03-09,,,4.57795,,,4.784,,
2023-03-10,,,4.56,,,4.7635,,
2023-03-11,,,4.56,,,4.7635,,
2023-03-12,,,4.56,,,4.7635,,
2023-03-13,,,4.55915,,,4.6416,,
2023-03-14,,,4.60325,,,4.721,,
2023-03-15,,,4.6005,,,4.668,,
2023-03-16,,,4.6925,,,4.7535,,
2023-03-17,,,4.68655,,,4.7199,,
2023-03-18,,,4.68655,,,4.7199,,
2023-03-19,,,4.68655,,,4.7199,,
2023-03-20,,,4.73675,,,4.7574,,
2023-03-21,,,4.7854,,,4.79,,
2023-03-22,,,4.813,,,4.818,,
2023-03-23,,,4.80875,,,4.804,,
2023-03-24,,,4.80155,,,4.799,,
2023-03-25,,,4.80155,,,4.799,,
2023-03-26,,,4.80155,,,4.799,,
2023-03-27,,,4.817,,,4.817,,
2023-03-28,,,4.81335,,,4.822,,
2023-03-29,,,4.81195,,,4.808,,
2023-03-30,,,4.814,,,4.816,,
2023-03-31,,,4.81625,,,4.821,,
2023-04-01,,,4.81625,,,4.821,,
2023-04-02,,,4.81625,,,4.821,,
2023-04-03,,,4.8165,,,4.82,,
2023-04-04,,,4.816,,,4.822,,
2023-04-05,,,4.81695,,,4.821,,
2023-04-06,,,4.818,,,4.818,,
2023-04-07,,,4.8235,,,4.819,,
2023-04-08,,,4.8235,,,4.819,,
2023-04-09,,,4.8235,,,4.819,,
2023-04-10,,,4.825,,,4.828,,
2023-04-11,,,4.82485,,,4.833,,
2023-04-12,,,4.82715,,,4.841,,
2023-04-13,,,4.82445,,,4.864,,
2023-04-14,,,4.828,,,4.882,,
2023-04-15,,,4.828,,,4.882,,
2023-04-16,,,4.828,,,4.882,,
2023-04-17,,,4.83,,,4.898,,
2023-04-18,,,4.83,,,4.904,,
2023-04-19,,,4.8305,,,4.917,,
2023-04-20,,,4.83025,,,4.95,,
2023-04-21,,,4.8305,,,4.964,,
2023-04-22,,,4.8305,,,4.964,,
2023-04-23,,,4.8305,,,4.964,,
2023-04-24,,,4.83,,,4.974,,
2023-04-25,,,4.8295,,,4.967,,
2023-04-26,,,4.86,,,4.977,,
2023-04-27,,,4.959,,,5.0265,,
2023-04-28,,,4.981,,,5.026,,
2023-04-29,,,4.981,,,5.026,,
2023-04-30,,,4.981,,,5.026,,
2023-05-01,,,5.0355,,,5.064,,
2023-05-02,,,5.0455,,,5.0515,,
2023-05-03,,,5.0586,,,5.064,,
2023-05-04,,,5.06055,,,5.063,,
2023-05-05,,,5.06585,,,5.073,,
2023-05-06,,,5.06585,,,5.073,,
2023-05-07,,,5.06585,,,5.073,,
2023-05-08,,,5.0675,,,5.0705,,
2023-05-09,,,5.07,,,5.071,,
2023-05-10,,,5.06965,,,5.075,,
2023-05-11,,,5.073,,,5.0705,,
2023-05-12,,,5.07235,,,5.076,,
2023-05-13,,,5.07235,,,5.076,,
2023-05-14,,,5.07235,,,5.076,,
2023-05-15,,,5.071,,,5.081,,
2023-05-16,,,5.0755,,,5.078,,
2023-05-17,,,5.0805,,,5.084,,
2023-05-18,,,5.081,,,5.091,,
2023-05-19,,,5.082,,,5.088,,
2023-05-20,,,5.082,,,5.088,,
2023-05-21,,,5.082,,,5.088,,
2023-05-22,,,5.0835,,,5.087,,
2023-05-23,,,5.0835,,,5.088,,
2023-05-24,,,5.084,,,5.092,,
2023-05-25,,,5.08495,,,5.12075,,
2023-05-26,,,5.08135,,,5.129,,
2023-05-27,,,5.08135,,,5.129,,
2023-05-28,,,5.08135,,,5.129,,
2023-05-29,,,5.08135,,,5.129,,
2023-05-30,,,5.081,,,5.139,,
2023-05-31,,,5.08175,,,5.125,,
2023-06-01,,,5.08725,,,5.125,,
2023-06-02,,,5.08405,,,5.13,,
2023-06-03,,,5.08405,,,5.13,,
2023-06-04,,,5.08405,,,5.13,,
2023-06-05,,,5.083,,,5.125,,
2023-06-06,,,5.07925,,,5.122,,
2023-06-07,,,5.09095,,,5.138,,
2023-06-08,,,5.1237,,,5.145,,
2023-06-09,,,5.13455,,,5.156,,
2023-06-10,,,5.13455,,,5.156,,
2023-06-11,,,5.13455,,,5.156,,
2023-06-12,,,5.1345,,,5.146,,
2023-06-13,,,5.1035,,,5.107,,
2023-06-14,,,5.082,,,5.0865,,
2023-06-15,,,5.08245,,,5.088,,
2023-06-16,,,5.08125,,,5.087,,
2023-06-17,,,5.08125,,,5.087,,
2023-06-18,,,5.08125,,,5.087,,
2023-06-19,,,5.08125,,,5.087,,
2023-06-20,,,5.082,,,5.087,,
2023-06-21,,,5.077,,,5.091,,
2023-06-22,,,5.0803,,,5.087,,
2023-06-23,,,5.0795,,,5.086,,
2023-06-24,,,5.0795,,,5.086,,
2023-06-25,,,5.0795,,,5.086,,
2023-06-26,,,5.079,,,5.0865,,
2023-06-27,,,5.0765,,,5.0835,,
2023-06-28,,,5.074,,,5.079,,
2023-06-29,,,5.0725,,,5.0775,,
2023-06-30,,,5.074,,,5.0785,,
2023-07-01,,,5.074,,,5.0785,,
2023-07-02,,,5.074,,,5.0785,,
2023-07-03,,,5.075,,,5.08,,
2023-07-04,,,5.075,,,5.079,,
2023-07-05,,,5.073,,,5.0885,,
2023-07-06,,,5.0745,,,5.122,,
2023-07-07,,,5.073,,,5.1325,,
2023-07-08,,,5.073,,,5.1325,,
2023-07-09,,,5.073,,,5.1325,,
2023-07-10,,,5.075,,,5.1445,,
2023-07-11,,,5.072,,,5.154,,
2023-07-12,,,5.07585,,,5.1675,,
2023-07-13,,,5.0775,,,5.199,,
2023-07-14,,,5.0735,,,5.21275,,
2023-07-15,,,5.0735,,,5.21275,,
2023-07-16,,,5.0735,,,5.21275,,
2023-07-17,,,5.0755,,,5.228,,
2023-07-18,,,5.07625,,,5.24275,,
2023-07-19,,,5.11,,,5.25525,,
2023-07-20,,,5.21615,,,5.2918,,
2023-07-21,,,5.25145,,,5.3023,,
2023-07-22,,,5.25145,,,5.3023,,
2023-07-23,,,5.25145,,,5.3023,,
2023-07-24,,,5.28805,,,5.3173,,
2023-07-25,,,5.3255,,,5.329,,
2023-07-26,,,5.327,,,5.33475,,
2023-07-27,,,5.32715,,,5.33275,,
2023-07-28,,,5.32855,,,5.3328,,
2023-07-29,,,5.32855,,,5.3328,,
2023-07-30,,,5.32855,,,5.3328,,
2023-07-31,,,5.3295,,,5.334,,
2023-08-01,,,5.3295,,,5.336,,
2023-08-02,,,5.3295,,,5.335,,
2023-08-03,,,5.33085,,,5.3353,,
2023-08-04,,,5.32975,,,5.3353,,
2023-08-05,,,5.32975,,,5.3353,,
2023-08-06,,,5.32975,,,5.3353,,
2023-08-07,,,5.329,,,5.3353,,
2023-08-08,,,5.33035,,,5.335,,
2023-08-09,,,5.3293,,,5.335,,
2023-08-10,,,5.3285,,,5.335,,
2023-08-11,,,5.3296,,,5.3351,,
2023-08-12,,,5.3296,,,5.3351,,
2023-08-13,,,5.3296,,,5.3351,,
2023-08-14,,,5.3295,,,5.335,,
2023-08-15,,,5.32975,,,5.3353,,
2023-08-16,,,5.32975,,,5.335,,
2023-08-17,,,5.32925,,,5.33525,,
2023-08-18,,,5.32975,,,5.33525,,
2023-08-19,,,5.32975,,,5.33525,,
2023-08-20,,,5.32975,,,5.33525,,
2023-08-21,,,5.32825,,,5.3347,,
2023-08-22,,,5.32825,,,5.334,,
2023-08-23,,,5.3296,,,5.3358,,
2023-08-24,,,5.3305,,,5.3358,,
2023-08-25,,,5.3315,,,5.335,,
2023-08-26,,,5.3315,,,5.335,,
2023-08-27,,,5.3315,,,5.335,,
2023-08-28,,,5.3315,,,5.336,,
2023-08-29,,,5.3325,,,5.3383,,
2023-08-30,,,5.3325,,,5.34,,
2023-08-31,,,5.332,,,5.3438,,
2023-09-01,,,5.33365,,,5.3422,,
2023-09-02,,,5.33365,,,5.3422,,
2023-09-03,,,5.33365,,,5.3422,,
2023-09-04,,,5.33365,,,5.3422,,
2023-09-05,,,5.33445,,,5.342,,
2023-09-06,,,5.334,,,5.344,,
2023-09-07,,,5.33475,,,5.346,,
2023-09-08,,,5.3352,,,5.345,,
2023-09-09,,,5.3352,,,5.345,,
2023-09-10,,,5.3352,,,5.345,,
2023-09-11,,,5.335,,,5.3498,,
2023-09-12,,,5.335,,,5.3505,,
2023-09-13,,,5.3357,,,5.34475,,
2023-09-14,,,5.33685,,,5.3435,,
2023-09-15,,,5.33625,,,5.34225,,
2023-09-16,,,5.33625,,,5.34225,,
2023-09-17,,,5.33625,,,5.34225,,
2023-09-18,,,5.3365,,,5.342,,
2023-09-19,,,5.337,,,5.3421,,
2023-09-20,,,5.33025,,,5.3358,,
2023-09-21,,,5.33125,,,5.3368,,
2023-09-22,,,5.33055,,,5.3363,,
2023-09-23,,,5.33055,,,5.3363,,
2023-09-24,,,5.33055,,,5.3363,,
2023-09-25,,,5.32975,,,5.3358,,
2023-09-26,,,5.32965,,,5.3355,,
2023-09-27,,,5.32905,,,5.3351,,
2023-09-28,,,5.3295,,,5.3351,,
2023-09-29,,,5.32885,,,5.3348,,
2023-09-30,,,5.32885,,,5.3348,,
2023-10-01,,,5.32885,,,5.3348,,
2023-10-02,,,5.3305,,,5.335,,
2023-10-03,,,5.3305,,,5.336,,
2023-10-04,,,5.33,,,5.336,,
2023-10-05,,,5.33025,,,5.3362,,
2023-10-06,,,5.33015,,,5.336,,
2023-10-07,,,5.33015,,,5.336,,
2023-10-08,,,5.33015,,,5.336,,
2023-10-09,,,5.3304,,,5.336,,
2023-10-10,,,5.32865,,,5.334,,
2023-10-11,,,5.3285,,,5.337,,
2023-10-12,,,5.328,,,5.341,,
2023-10-13,,,5.32835,,,5.339,,
2023-10-14,,,5.32835,,,5.339,,
2023-10-15,,,5.32835,,,5.339,,
2023-10-16,,,5.3285,,,5.341,,
2023-10-17,,,5.3285,,,5.345,,
2023-10-18,,,5.3285,,,5.341,,
2023-10-19,,,5.3282,,,5.339,,
2023-10-20,,,5.3265,,,5.337,,
2023-10-21,,,5.3265,,,5.337,,
2023-10-22,,,5.3265,,,5.337,,
2023-10-23,,,5.32585,,,5.3385,,
2023-10-24,,,5.3252,,,5.34,,
2023-10-25,,,5.326,,,5.3405,,
2023-10-26,,,5.32945,,,5.3385,,
2023-10-27,,,5.32665,,,5.333,,
2023-10-28,,,5.32665,,,5.333,,
2023-10-29,,,5.32665,,,5.333,,
2023-10-30,,,5.33,,,5.3355,,
2023-10-31,,,5.33195,,,5.3371,,
2023-11-01,,,5.3295,,,5.335,,
2023-11-02,,,5.32915,,,5.3365,,
2023-11-03,,,5.329,,,5.34,,
2023-11-04,,,5.329,,,5.34,,
2023-11-05,,,5.329,,,5.34,,
2023-11-06,,,5.33,,,5.336,,
2023-11-07,,,5.32965,,,5.336,,
2023-11-08,,,5.33,,,5.336,,
2023-11-09,,,5.3295,,,5.3355,,
2023-11-10,,,5.32985,,,5.3355,,
2023-11-11,,,5.32985,,,5.3355,,
2023-11-12,,,5.32985,,,5.3355,,
2023-11-13,,,5.3295,,,5.335,,
2023-11-14,,,5.3295,,,5.336,,
2023-11-15,,,5.32935,,,5.336,,
2023-11-16,,,5.3313,,,5.335,,
2023-11-17,,,5.331,,,5.336,,
2023-11-18,,,5.331,,,5.336,,
2023-11-19,,,5.331,,,5.336,,
2023-11-20,,,5.331,,,5.3365,,
2023-11-21,,,5.3315,,,5.3404,,
2023-11-22,,,5.3315,,,5.3403,,
2023-11-23,,,5.3321,,,5.3403,,
2023-11-24,,,5.331,,,5.3412,,
2023-11-25,,,5.331,,,5.3412,,
2023-11-26,,,5.331,,,5.3412,,
2023-11-27,,,5.3305,,,5.3413,,
2023-11-28,,,5.333,,,5.3398,,
2023-11-29,,,5.3325,,,5.3402,,
2023-11-30,,,5.3325,,,5.34125,,
2023-12-01,,,5.3315,,,5.33775,,
2023-12-02,,,5.3315,,,5.33775,,
2023-12-03,,,5.3315,,,5.33775,,
2023-12-04,,,5.3328,,,5.3407,,
2023-12-05,,,5.3332,,,5.3408,,
2023-12-06,,,5.3327,,,5.3392,,
2023-12-07,,,5.3328,,,5.33825,,
2023-12-08,,,5.33325,,,5.33925,,
2023-12-09,,,5.33325,,,5.33925,,
2023-12-10,,,5.33325,,,5.33925,,
2023-12-11,,,5.33425,,,5.33975,,
2023-12-12,,,5.33355,,,5.3392,,
2023-12-13,,,5.33185,,,5.33775,,
2023-12-14,,,5.3317,,,5.338,,
2023-12-15,,,5.3317,,,5.338,,
2023-12-16,,,5.3317,,,5.338,,
2023-12-17,,,5.3317,,,5.338,,
2023-12-18,,,5.3314,,,5.338,,
2023-12-19,,,5.3315,,,5.336,,
2023-12-20,,,5.33225,,,5.3363,,
2023-12-21,,,5.33225,,,5.338,,
2023-12-22,,,5.3318,,,5.3377,,
2023-12-23,,,5.3318,,,5.3377,,
2023-12-24,,,5.3318,,,5.3377,,
2023-12-25,,,5.3319,,,5.3377,,
2023-12-26,,,5.334,,,5.3362,,
2023-12-27,,,5.32975,,,5.3357,,
2023-12-28,,,5.32875,,,5.3353,,
2023-12-29,,,5.32825,,,5.33375,,
2023-12-30,,,5.32825,,,5.33375,,
2023-12-31,,,5.32825,,,5.33375,,
2024-01-01,,,5.3285,,,5.33375,,
2024-01-02,,,5.32965,,,5.3353,,
2024-01-03,,,5.33005,,,5.3358,,
2024-01-04,,,5.3303,,,5.33575,,
2024-01-05,,,5.3305,,,5.3351,,
2024-01-06,,,5.3305,,,5.3351,,
2024-01-07,,,5.3305,,,5.3351,,
2024-01-08,,,5.32925,,,5.33475,,
2024-01-09,,,5.32915,,,5.335,,
2024-01-10,,,5.32975,,,5.3348,,
2024-01-11,,,5.32995,,,5.333,,
2024-01-12,,,5.3275,,,5.33025,,
2024-01-13,,,5.3275,,,5.33025,,
2024-01-14,,,5.3275,,,5.33025,,
2024-01-15,,,5.3289,,,5.33025,,
2024-01-16,,,5.329,,,5.3327,,
2024-01-17,,,5.3289,,,5.3348,,
2024-01-18,,,5.3285,,,5.334,,
2024-01-19,,,5.3285,,,5.334,,
2024-01-20,,,5.3285,,,5.334,,
2024-01-21,,,5.3285,,,5.334,,
2024-01-22,,,5.328,,,5.333,,
2024-01-23,,,5.328,,,5.333,,
2024-01-24,,,5.3284,,,5.333,,
2024-01-25,,,5.32785,,,5.33325,,
2024-01-26,,,5.32665,,,5.331,,
2024-01-27,,,5.32665,,,5.331,,
2024-01-28,,,5.32665,,,5.331,,
2024-01-29,,,5.324,,,5.33,,
2024-01-30,,,5.3265,,,5.331,,
2024-01-31,,,5.32175,,,5.3282,,
2024-02-01,,,5.31925,,,5.3247,,
2024-02-02,,,5.3204,,,5.3239,,
2024-02-03,,,5.3204,,,5.3239,,
2024-02-04,,,5.3204,,,5.3239,,
2024-02-05,,,5.323,,,5.327,,
2024-02-06,,,5.3225,,,5.3288,,
2024-02-07,,,5.322,,,5.3285,,
2024-02-08,,,5.3255,,,5.3289,,
2024-02-09,,,5.32455,,,5.331,,
2024-02-10,,,5.32455,,,5.331,,
2024-02-11,,,5.32455,,,5.331,,
2024-02-12,,,5.3275,,,5.3304,,
2024-02-13,,,5.32565,,,5.331,,
2024-02-14,,,5.327,,,5.331,,
2024-02-15,,,5.327,,,5.3311,,
2024-02-16,,,5.328,,,5.3335,,
2024-02-17,,,5.328,,,5.3335,,
2024-02-18,,,5.328,,,5.3335,,
2024-02-19,,,5.3286,,,5.3332,,
2024-02-20,,,5.328,,,5.334,,
2024-02-21,,,5.3275,,,5.333,,
2024-02-22,,,5.328,,,5.3331,,
2024-02-23,,,5.3304,,,5.337,,
2024-02-24,,,5.3304,,,5.337,,
2024-02-25,,,5.3304,,,5.337,,
2024-02-26,,,5.3315,,,5.337,,
2024-02-27,,,5.331,,,5.338,,
2024-02-28,,,5.33,,,5.336,,
2024-02-29,,,5.33075,,,5.336,,
2024-03-01,,,5.33,,,5.333,,
2024-03-02,,,5.33,,,5.333,,
2024-03-03,,,5.33,,,5.333,,
2024-03-04,,,5.33005,,,5.3353,,
2024-03-05,,,5.32945,,,5.334,,
2024-03-06,,,5.32985,,,5.3328,,
2024-03-07,,,5.3302,,,5.332,,
2024-03-08,,,5.32965,,,5.3308,,
2024-03-09,,,5.32965,,,5.3308,,
2024-03-10,,,5.32965,,,5.3308,,
2024-03-11,,,5.33,,,5.33455,,
2024-03-12,,,5.33,,,5.3347,,
2024-03-13,,,5.32925,,,5.334,,
2024-03-14,,,5.329,,,5.333,,
2024-03-15,,,5.3287,,,5.3338,,
2024-03-16,,,5.3287,,,5.3338,,
2024-03-17,,,5.3287,,,5.3338,,
2024-03-18,,,5.3307,,,5.336,,
2024-03-19,,,5.32905,,,5.3347,,
2024-03-20,,,5.3305,,,5.3353,,
2024-03-21,,,5.33025,,,5.336,,
2024-03-22,,,5.33025,,,5.3355,,
2024-03-23,,,5.33025,,,5.3355,,
2024-03-24,,,5.33025,,,5.3355,,
2024-03-25,,,5.3308,,,5.336,,
2024-03-26,,,5.3295,,,5.336,,
2024-03-27,,,5.3295,,,5.335,,
2024-03-28,,,5.3295,,,5.335,,
2024-03-29,,,5.32945,,,5.334,,
2024-03-30,,,5.32945,,,5.334,,
2024-03-31,,,5.32945,,,5.334,,
2024-04-01,,,5.32955,,,5.335,,
2024-04-02,,,5.3305,,,5.335,,
2024-04-03,,,5.3305,,,5.333,,
2024-04-04,,,5.32675,,,5.3358,,
2024-04-05,,,5.32865,,,5.3342,,
2024-04-06,,,5.32865,,,5.3342,,
2024-04-07,,,5.32865,,,5.3342,,
2024-04-08,,,5.32875,,,5.334,,
2024-04-09,,,5.3286,,,5.3339,,
2024-04-10,,,5.3285,,,5.3348,,
2024-04-11,,,5.32945,,,5.3328,,
2024-04-12,,,5.3275,,,5.3288,,
2024-04-13,,,5.3275,,,5.3288,,
2024-04-14,,,5.3275,,,5.3288,,
2024-04-15,,,5.3285,,,5.3323,,
2024-04-16,,,5.32895,,,5.3331,,
2024-04-17,,,5.3285,,,5.333,,
2024-04-18,,,5.328,,,5.332,,
2024-04-19,,,5.325,,,5.331,,
2024-04-20,,,5.325,,,5.331,,
2024-04-21,,,5.325,,,5.331,,
2024-04-22,,,5.3279,,,5.331,,
2024-04-23,,,5.3265,,,5.3308,,
2024-04-24,,,5.33015,,,5.332,,
2024-04-25,,,5.32695,,,5.331,,
2024-04-26,,,5.3245,,,5.328,,
2024-04-27,,,5.3245,,,5.328,,
2024-04-28,,,5.3245,,,5.328,,
2024-04-29,,,5.3259,,,5.331,,
2024-04-30,,,5.3292,,,5.3315,,
2024-05-01,,,5.3295,,,5.3348,,
2024-05-02,,,5.32995,,,5.335,,
2024-05-03,,,5.32955,,,5.335,,
2024-05-04,,,5.32955,,,5.335,,
2024-05-05,,,5.32955,,,5.335,,
2024-05-06,,,5.32905,,,5.335,,
2024-05-07,,,5.32865,,,5.335,,
2024-05-08,,,5.33,,,5.336,,
2024-05-09,,,5.33,,,5.3355,,
2024-05-10,,,5.32935,,,5.3331,,
2024-05-11,,,5.32935,,,5.3331,,
2024-05-12,,,5.32935,,,5.3331,,
2024-05-13,,,5.328,,,5.3355,,
2024-05-14,,,5.328,,,5.335,,
2024-05-15,,,5.32985,,,5.335,,
2024-05-16,,,5.328,,,5.3352,,
2024-05-17,,,5.3285,,,5.334,,
2024-05-18,,,5.3285,,,5.334,,
2024-05-19,,,5.3285,,,5.334,,
2024-05-20,,,5.3289,,,5.3351,,
2024-05-21,,,5.328,,,5.3362,,
2024-05-22,,,5.329,,,5.335,,
2024-05-23,,,5.331,,,5.335,,
2024-05-24,,,5.3313,,,5.3374,,
2024-05-25,,,5.3313,,,5.3374,,
2024-05-26,,,5.3313,,,5.3374,,
2024-05-27,,,5.331,,,5.337,,
2024-05-28,,,5.3365,,,5.3373,,
2024-05-29,,,5.3339,,,5.3372,,
2024-05-30,,,5.33425,,,5.337,,
2024-05-31,,,5.33265,,,5.3369,,
2024-06-01,,,5.33265,,,5.3369,,
2024-06-02,,,5.33265,,,5.3369,,
2024-06-03,,,5.3339,,,5.336,,
2024-06-04,,,5.333,,,5.336,,
2024-06-05,,,5.333,,,5.336,,
2024-06-06,,,5.32775,,,5.3355,,
2024-06-07,,,5.32855,,,5.333,,
2024-06-08,,,5.32855,,,5.333,,
2024-06-09,,,5.32855,,,5.333,,
2024-06-10,,,5.3284,,,5.334,,
2024-06-11,,,5.327,,,5.334,,
2024-06-12,,,5.3291,,,5.334,,
2024-06-13,,,5.3295,,,5.335,,
2024-06-14,,,5.3293,,,5.3345,,
2024-06-15,,,5.3293,,,5.3345,,
2024-06-16,,,5.3293,,,5.3345,,
2024-06-17,,,5.328,,,5.333,,
2024-06-18,,,5.32835,,,5.3334,,
2024-06-19,,,5.3285,,,5.334,,
2024-06-20,,,5.331,,,5.336,,
2024-06-21,,,5.3302,,,5.336,,
2024-06-22,,,5.3302,,,5.336,,
2024-06-23,,,5.3302,,,5.336,,
2024-06-24,,,5.3315,,,5.336,,
2024-06-25,,,5.331,,,5.336,,
2024-06-26,,,5.3305,,,5.3352,,
2024-06-27,,,5.329,,,5.3347,,
2024-06-28,,,5.3293,,,5.335,,
2024-06-29,,,5.3293,,,5.335,,
2024-06-30,,,5.3293,,,5.335,,
2024-07-01,,,5.3295,,,5.335,,
2024-07-02,,,5.3295,,,5.3342,,
2024-07-03,,,5.329,,,5.334,,
2024-07-04,,,5.329,,,5.334,,
2024-07-05,,,5.329,,,5.334,,
2024-07-06,,,5.329,,,5.334,,
2024-07-07,,,5.329,,,5.334,,
2024-07-08,,,5.329,,,5.3341,,
2024-07-09,,,5.32865,,,5.335,,
2024-07-10,,,5.3296,,,5.335,,
2024-07-11,,,5.3285,,,5.332,,
2024-07-12,,,5.3294,,,5.332,,
2024-07-13,,,5.3294,,,5.332,,
2024-07-14,,,5.3294,,,5.332,,
2024-07-15,,,5.32855,,,5.33,,
2024-07-16,,,5.329,,,5.33,,
2024-07-17,,,5.33035,,,5.332,,
2024-07-18,,,5.3285,,,5.33,,
2024-07-19,,,5.328,,,5.33,,
2024-07-20,,,5.328,,,5.33,,
2024-07-21,,,5.328,,,5.33,,
2024-07-22,,,5.3275,,,5.331,,
2024-07-23,,,5.327,,,5.331,,
2024-07-24,,,5.32755,,,5.326,,
2024-07-25,,,5.31895,,,5.322,,
2024-07-26,,,5.3223,,,5.3247,,
2024-07-27,,,5.3223,,,5.3247,,
2024-07-28,,,5.3223,,,5.3247,,
2024-07-29,,,5.321,,,5.326,,
2024-07-30,,,5.3209,,,5.327,,
2024-07-31,,,5.3269,,,5.3298,,
2024-08-01,,,5.317,,,5.337,,
2024-08-02,,,5.3035,,,5.312,,
2024-08-03,,,5.3035,,,5.312,,
2024-08-04,,,5.3035,,,5.312,,
2024-08-05,,,5.28635,,,5.292,,
2024-08-06,,,5.31145,,,5.311,,
2024-08-07,,,5.31215,,,5.315,,
2024-08-08,,,5.332,,,5.317,,
2024-08-09,,,5.31875,,,5.317,,
2024-08-10,,,5.31875,,,5.317,,
2024-08-11,,,5.31875,,,5.317,,
2024-08-12,,,5.3285,,,5.327,,
2024-08-13,,,5.32285,,,5.327,,
2024-08-14,,,5.3255,,,5.327,,
2024-08-15,,,5.333,,,5.328,,
2024-08-16,,,5.32545,,,5.331,,
2024-08-17,,,5.32545,,,5.331,,
2024-08-18,,,5.32545,,,5.331,,
2024-08-19,,,5.327,,,5.331,,
2024-08-20,,,5.3265,,,5.331,,
2024-08-21,,,5.328,,,5.332,,
2024-08-22,,,5.3285,,,5.334,,
2024-08-23,,,5.331,,,5.336,,
2024-08-24,,,5.331,,,5.336,,
2024-08-25,,,5.331,,,5.336,,
2024-08-26,,,5.3324,,,5.338,,
2024-08-27,,,5.3325,,,5.337,,
2024-08-28,,,5.3305,,,5.318,,
2024-08-29,,,5.32975,,,5.258,,
2024-08-30,,,5.332,,,5.243,,
2024-08-31,,,5.332,,,5.243,,
2024-09-01,,,5.332,,,5.243,,
2024-09-02,,,5.332,,,5.243,,
2024-09-03,,,5.332,,,5.222,,
2024-09-04,,,5.33055,,,5.199,,
2024-09-05,,,5.33,,,5.151,,
2024-09-06,,,5.33265,,,5.151,,
2024-09-07,,,5.33265,,,5.151,,
2024-09-08,,,5.33265,,,5.151,,
2024-09-09,,,5.33635,,,5.14,,
2024-09-10,,,5.33925,,,5.119,,
2024-09-11,,,5.292,,,5.133,,
2024-09-12,,,5.13955,,,5.058,,
2024-09-13,,,5.074,,,5.0,,
2024-09-14,,,5.074,,,5.0,,
2024-09-15,,,5.074,,,5.0,,
2024-09-16,,,4.97515,,,4.949,,
2024-09-17,,,4.9245,,,4.926,,
2024-09-18,,,4.82635,,,4.936,,
2024-09-19,,,4.831,,,4.835,,
2024-09-20,,,4.8295,,,4.835,,
2024-09-21,,,4.8295,,,4.835,,
2024-09-22,,,4.8295,,,4.835,,
2024-09-23,,,4.831,,,4.834,,
2024-09-24,,,4.82765,,,4.83,,
2024-09-25,,,4.828,,,4.83,,
2024-09-26,,,4.826,,,4.829,,
2024-09-27,,,4.824,,,4.829,,
2024-09-28,,,4.824,,,4.829,,
2024-09-29,,,4.824,,,4.829,,
2024-09-30,,,4.823,,,4.828,,
2024-10-01,,,4.822,,,4.827,,
2024-10-02,,,4.82325,,,4.827,,
2024-10-03,,,4.823,,,4.827,,
2024-10-04,,,4.823,,,4.827,,
2024-10-05,,,4.823,,,4.827,,
2024-10-06,,,4.823,,,4.827,,
2024-10-07,,,4.82545,,,4.832,,
2024-10-08,,,4.82675,,,4.8335,,
2024-10-09,,,4.828,,,4.8335,,
2024-10-10,,,4.8275,,,4.8335,,
2024-10-11,,,4.828,,,4.832,,
2024-10-12,,,4.828,,,4.832,,
2024-10-13,,,4.828,,,4.832,,
2024-10-14,,,4.8281,,,4.832,,
2024-10-15,,,4.829,,,4.8335,,
2024-10-16,,,4.829,,,4.8335,,
2024-10-17,,,4.82915,,,4.793,,
2024-10-18,,,4.829,,,4.789,,
2024-10-19,,,4.829,,,4.789,,
2024-10-20,,,4.829,,,4.789,,
2024-10-21,,,4.8295,,,4.781,,
2024-10-22,,,4.8295,,,4.768,,
2024-10-23,,,4.8305,,,4.759,,
2024-10-24,,,4.8305,,,4.721,,
2024-10-25,,,4.8315,,,4.711,,
2024-10-26,,,4.8315,,,4.711,,
2024-10-27,,,4.8315,,,4.711,,
2024-10-28,,,4.832,,,4.6985,,
2024-10-29,,,4.832,,,4.683,,
2024-10-30,,,4.8319,,,4.678,,
2024-10-31,,,4.714,,,4.644,,
2024-11-01,,,4.69235,,,4.626,,
2024-11-02,,,4.69235,,,4.626,,
2024-11-03,,,4.69235,,,4.626,,
2024-11-04,,,4.656,,,4.613,,
2024-11-05,,,4.6195,,,4.601,,
2024-11-06,,,4.583,,,4.591,,
2024-11-07,,,4.58,,,4.587,,
2024-11-08,,,4.58005,,,4.585,,
2024-11-09,,,4.58005,,,4.585,,
2024-11-10,,,4.58005,,,4.585,,
2024-11-11,,,4.58005,,,4.585,,
2024-11-12,,,4.5825,,,4.587,,
2024-11-13,,,4.582,,,4.586,,
2024-11-14,,,4.5825,,,4.587,,
2024-11-15,,,4.583,,,4.588,,
2024-11-16,,,4.583,,,4.588,,
2024-11-17,,,4.583,,,4.588,,
2024-11-18,,,4.583,,,4.588,,
2024-11-19,,,4.583,,,4.59,,
2024-11-20,,,4.5835,,,4.589,,
2024-11-21,,,4.583,,,4.589,,
2024-11-22,,,4.5845,,,4.589,,
2024-11-23,,,4.5845,,,4.589,,
2024-11-24,,,4.5845,,,4.589,,
2024-11-25,,,4.5845,,,4.589,,
2024-11-26,,,4.5845,,,4.581,,
2024-11-27,,,4.5815,,,4.558,,
2024-11-28,,,4.5815,,,4.558,,
2024-11-29,,,4.581,,,4.547,,
2024-11-30,,,4.581,,,4.547,,
2024-12-01,,,4.581,,,4.547,,
2024-12-02,,,4.58455,,,4.526,,
2024-12-03,,,4.5815,,,4.526,,
2024-12-04,,,4.58365,,,4.515,,
2024-12-05,,,4.5815,,,4.492,,
2024-12-06,,,4.581,,,4.462,,
2024-12-07,,,4.581,,,4.462,,
2024-12-08,,,4.581,,,4.462,,
2024-12-09,,,4.5815,,,4.449,,
2024-12-10,,,4.5815,,,4.444,,
2024-12-11,,,4.54845,,,4.4146,,
2024-12-12,,,4.44345,,,4.379,,
2024-12-13,,,4.41205,,,4.371,,
2024-12-14,,,4.41205,,,4.371,,
2024-12-15,,,4.41205,,,4.371,,
2024-12-16,,,4.3725,,,4.356,,
2024-12-17,,,4.342,,,4.343,,
2024-12-18,,,4.3274,,,4.339,,
2024-12-19,,,4.3305,,,4.335,,
2024-12-20,,,4.3305,,,4.334,,
2024-12-21,,,4.3305,,,4.334,,
2024-12-22,,,4.3305,,,4.334,,
2024-12-23,,,4.32945,,,4.334,,
2024-12-24,,,4.32865,,,4.316,,
2024-12-25,,,4.33,,,4.316,,
2024-12-26,,,4.33,,,4.317,,
2024-12-27,,,4.33,,,4.334,,
2024-12-28,,,4.33,,,4.334,,
2024-12-29,,,4.33,,,4.334,,
2024-12-30,,,4.332,,,4.334,,
2024-12-31,,,4.331,,,4.336,,
2025-01-01,,,4.332,,,4.336,,
2025-01-02,,,4.333,,,4.338,,
2025-01-03,,,4.333,,,4.339,,
2025-01-04,,,4.333,,,4.339,,
2025-01-05,,,4.333,,,4.339,,
2025-01-06,,,4.33105,,,4.335,,
2025-01-07,,,4.3305,,,4.334,,
2025-01-08,,,4.33,,,4.334,,
2025-01-09,,,4.331,,,4.332,,
2025-01-10,,,4.33,,,4.332,,
2025-01-11,,,4.33,,,4.332,,
2025-01-12,,,4.33,,,4.332,,
2025-01-13,,,4.33,,,4.332,,
2025-01-14,,,4.3285,,,4.331,,
2025-01-15,,,4.329,,,4.331,,
2025-01-16,,,4.329,,,4.331,,
2025-01-17,,,4.328,,,4.331,,
2025-01-18,,,4.328,,,4.331,,
2025-01-19,,,4.328,,,4.331,,
2025-01-20,,,4.329,,,4.331,,
2025-01-21,,,4.3285,,,4.33,,
2025-01-22,,,4.328,,,4.331,,
2025-01-23,,,4.327,,,4.331,,
2025-01-24,,,4.328,,,4.331,,
2025-01-25,,,4.328,,,4.331,,
2025-01-26,,,4.328,,,4.331,,
2025-01-27,,,4.327,,,4.33,,
2025-01-28,,,4.325,,,4.328,,
2025-01-29,,,4.32885,,,4.329,,
2025-01-30,,,4.329,,,4.332,,
2025-01-31,,,4.3285,,,4.332,,
2025-02-01,,,4.3285,,,4.332,,
2025-02-02,,,4.3285,,,4.332,,
2025-02-03,,,4.3285,,,4.332,,
2025-02-04,,,4.32835,,,4.331,,
2025-02-05,,,4.3285,,,4.332,,
2025-02-06,,,4.33,,,4.333,,
2025-02-07,,,4.33,,,4.333,,
2025-02-08,,,4.33,,,4.333,,
2025-02-09,,,4.33,,,4.333,,
2025-02-10,,,4.3295,,,4.333,,
2025-02-11,,,4.33015,,,4.333,,
2025-02-12,,,4.33045,,,4.334,,
2025-02-13,,,4.331,,,4.334,,
2025-02-14,,,4.3305,,,4.334,,
2025-02-15,,,4.3305,,,4.334,,
2025-02-16,,,4.3305,,,4.334,,
2025-02-17,,,4.33,,,4.334,,
2025-02-18,,,4.331,,,4.334,,
2025-02-19,,,4.331,,,4.334,,
2025-02-20,,,4.331,,,4.335,,
2025-02-21,,,4.331,,,4.335,,
2025-02-22,,,4.331,,,4.335,,
2025-02-23,,,4.331,,,4.335,,
2025-02-24,,,4.3315,,,4.334,,
2025-02-25,,,4.33085,,,4.333,,
2025-02-26,,,4.33105,,,4.335,,
2025-02-27,,,4.33135,,,4.333,,
2025-02-28,,,4.33165,,,4.332,,
2025-03-01,,,4.33165,,,4.332,,
2025-03-02,,,4.33165,,,4.332,,
2025-03-03,,,4.3315,,,4.332,,
2025-03-04,,,4.3315,,,4.328,,
2025-03-05,,,4.3315,,,4.328,,
2025-03-06,,,4.3315,,,4.327,,
2025-03-07,,,4.33145,,,4.331,,
2025-03-08,,,4.33145,,,4.331,,
2025-03-09,,,4.33145,,,4.331,,
2025-03-10,,,4.33225,,,4.331,,
2025-03-11,,,4.33245,,,4.329,,
2025-03-12,,,4.3305,,,4.331,,
2025-03-13,,,4.3295,,,4.332,,
2025-03-14,,,4.33,,,4.333,,
2025-03-15,,,4.33,,,4.333,,
2025-03-16,,,4.33,,,4.333,,
2025-03-17,,,4.329,,,4.333,,
2025-03-18,,,4.32905,,,4.333,,
2025-03-19,,,4.33,,,4.334,,
2025-03-20,,,4.331,,,4.334,,
2025-03-21,,,4.33035,,,4.334,,
2025-03-22,,,4.33035,,,4.334,,
2025-03-23,,,4.33035,,,4.334,,
2025-03-24,,,4.33105,,,4.334,,
2025-03-25,,,4.331,,,4.334,,
2025-03-26,,,4.331,,,4.335,,
2025-03-27,,,4.33085,,,4.335,,
2025-03-28,,,4.331,,,4.335,,
2025-03-29,,,4.331,,,4.335,,
2025-03-30,,,4.331,,,4.335,,
2025-03-31,,,4.331,,,4.335,,
2025-04-01,,,4.33015,,,4.334,,
2025-04-02,,,4.331,,,4.335,,
2025-04-03,,,4.32275,,,4.3295,,
2025-04-04,,,4.30305,,,4.327,,
2025-04-05,,,4.30305,,,4.327,,
2025-04-06,,,4.30305,,,4.327,,
2025-04-07,,,4.30385,,,4.301,,
2025-04-08,,,4.28215,,,4.314,,
2025-04-09,,,4.322,,,4.297,,
2025-04-10,,,4.30705,,,4.323,,
2025-04-11,,,4.3135,,,4.312,,
2025-04-12,,,4.3135,,,4.312,,
2025-04-13,,,4.3135,,,4.312,,
2025-04-14,,,4.3225,,,4.325,,
2025-04-15,,,4.326,,,4.329,,
2025-04-16,,,4.32655,,,4.329,,
2025-04-17,,,4.32765,,,4.326,,
2025-04-18,,,4.328,,,4.326,,
2025-04-19,,,4.328,,,4.326,,
2025-04-20,,,4.328,,,4.326,,
2025-04-21,,,4.3275,,,4.321,,
2025-04-22,,,4.327,,,4.322,,
2025-04-23,,,4.3305,,,4.325,,
2025-04-24,,,4.33,,,4.323,,
2025-04-25,,,4.33095,,,4.319,,
2025-04-26,,,4.33095,,,4.319,,
2025-04-27,,,4.33095,,,4.319,,
2025-04-28,,,4.3315,,,4.319,,
2025-04-29,,,4.3315,,,4.316,,
2025-04-30,,,4.32845,,,4.318,,
2025-05-01,,,4.3215,,,4.32,,
2025-05-02,,,4.32635,,,4.328,,
2025-05-03,,,4.32635,,,4.328,,
2025-05-04,,,4.32635,,,4.328,,
2025-05-05,,,4.327,,,4.329,,
2025-05-06,,,4.32545,,,4.329,,
2025-05-07,,,4.328,,,4.331,,
2025-05-08,,,4.328,,,4.332,,
2025-05-09,,,4.328,,,4.331,,
2025-05-10,,,4.328,,,4.331,,
2025-05-11,,,4.328,,,4.331,,
2025-05-12,,,4.33,,,4.333,,
2025-05-13,,,4.32995,,,4.333,,
2025-05-14,,,4.33,,,4.333,,
2025-05-15,,,4.3305,,,4.334,,
2025-05-16,,,4.33,,,4.334,,
2025-05-17,,,4.33,,,4.334,,
2025-05-18,,,4.33,,,4.334,,
2025-05-19,,,4.33,,,4.334,,
2025-05-20,,,4.33,,,4.333,,
2025-05-21,,,4.33,,,4.332,,
2025-05-22,,,4.329,,,4.333,,
2025-05-23,,,4.328,,,4.332,,
2025-05-24,,,4.328,,,4.332,,
2025-05-25,,,4.328,,,4.332,,
2025-05-26,,,4.328,,,4.332,,
2025-05-27,,,4.33125,,,4.332,,
2025-05-28,,,4.33145,,,4.332,,
2025-05-29,,,4.3315,,,4.331,,
2025-05-30,,,4.331,,,4.331,,
2025-05-31,,,4.331,,,4.331,,
2025-06-01,,,4.331,,,4.331,,
2025-06-02,,,4.3315,,,4.333,,
2025-06-03,,,4.3315,,,4.332,,
2025-06-04,,,4.3315,,,4.332,,
2025-06-05,,,4.332,,,4.332,,
2025-06-06,,,4.33085,,,4.333,,
2025-06-07,,,4.33085,,,4.333,,
2025-06-08,,,4.33085,,,4.333,,
2025-06-09,,,4.331,,,4.331,,
2025-06-10,,,4.33035,,,4.332,,
2025-06-11,,,4.33045,,,4.332,,
2025-06-12,,,4.3285,,,4.332,,
2025-06-13,,,4.3275,,,4.331,,
2025-06-14,,,4.3275,,,4.331,,
2025-06-15,,,4.3275,,,4.331,,
2025-06-16,,,4.329,,,4.332,,
2025-06-17,,,4.32755,,,4.333,,
2025-06-18,,,4.328,,,4.332,,
2025-06-19,,,4.328,,,4.332,,
2025-06-20,,,4.327,,,4.332,,
2025-06-21,,,4.327,,,4.332,,
2025-06-22,,,4.327,,,4.332,,
2025-06-23,,,4.32745,,,4.332,,
2025-06-24,,,4.329,,,4.333,,
2025-06-25,,,4.331,,,4.334,,
2025-06-26,,,4.33,,,4.334,,
2025-06-27,,,4.33,,,4.334,,
2025-06-28,,,4.33,,,4.334,,
2025-06-29,,,4.33,,,4.334,,
2025-06-30,,,4.3305,,,4.334,,
2025-07-01,,,4.33025,,,4.334,,
2025-07-02,,,4.3305,,,4.335,,
2025-07-03,,,4.33,,,4.334,,
2025-07-04,,,4.33,,,4.333,,
2025-07-05,,,4.33,,,4.333,,
2025-07-06,,,4.33,,,4.333,,
2025-07-07,,,4.331,,,4.334,,
2025-07-08,,,4.33,,,4.333,,
2025-07-09,,,4.331,,,4.334,,
2025-07-10,,,4.331,,,4.331,,
2025-07-11,,,4.331,,,4.33,,
2025-07-12,,,4.331,,,4.33,,
2025-07-13,,,4.331,,,4.33,,
2025-07-14,,,4.332,,,4.331,,
2025-07-15,,,4.3315,,,4.332,,
2025-07-16,,,4.331,,,4.331,,
2025-07-17,,,4.33,,,4.33,,
2025-07-18,,,4.331,,,4.327,,
2025-07-19,,,4.331,,,4.327,,
2025-07-20,,,4.331,,,4.327,,
2025-07-21,,,4.332,,,4.328,,
2025-07-22,,,4.33,,,4.327,,
2025-07-23,,,4.33065,,,4.328,,
2025-07-24,,,4.326,,,4.3265,,
2025-07-25,,,4.32455,,,4.326,,
2025-07-26,,,4.32455,,,4.326,,
2025-07-27,,,4.32455,,,4.326,,
2025-07-28,,,4.325,,,4.327,,
2025-07-29,,,4.32365,,,4.326,,
2025-07-30,,,4.32625,,,4.33,,
2025-07-31,,,4.327,,,4.331,,
2025-08-01,,,4.32,,,4.327,,
2025-08-02,,,4.32,,,4.327,,
2025-08-03,,,4.32,,,4.327,,
2025-08-04,,,4.32315,,,4.327,,
2025-08-05,,,4.325,,,4.327,,
2025-08-06,,,4.327,,,4.33,,
2025-08-07,,,4.32505,,,4.333,,
2025-08-08,,,4.32625,,,4.331,,
2025-08-09,,,4.32625,,,4.331,,
2025-08-10,,,4.32625,,,4.331,,
2025-08-11,,,4.329,,,4.333,,
2025-08-12,,,4.328,,,4.331,,
2025-08-13,,,4.328,,,4.332,,
2025-08-14,,,4.329,,,4.332,,
2025-08-15,,,4.32815,,,4.332,,
2025-08-16,,,4.32815,,,4.332,,
2025-08-17,,,4.32815,,,4.332,,
2025-08-18,,,4.329,,,4.33,,
2025-08-19,,,4.3295,,,4.332,,
2025-08-20,,,4.329,,,4.333,,
2025-08-21,,,4.331,,,4.333,,
2025-08-22,,,4.331,,,4.334,,
2025-08-23,,,4.331,,,4.334,,
2025-08-24,,,4.331,,,4.334,,
2025-08-25,,,4.3315,,,4.334,,
2025-08-26,,,4.329,,,4.333,,
2025-08-27,,,4.3305,,,4.324,,
2025-08-28,,,4.33,,,4.284,,
2025-08-29,,,4.328,,,4.274,,
2025-08-30,,,4.328,,,4.274,,
2025-08-31,,,4.328,,,4.274,,
2025-09-01,,,4.329,,,4.273,,
2025-09-02,,,4.3305,,,4.257,,
2025-09-03,,,4.33,,,4.242,,
2025-09-04,,,4.33015,,,4.207,,
2025-09-05,,,4.33,,,4.175,,
2025-09-06,,,4.33,,,4.175,,
2025-09-07,,,4.33,,,4.175,,
2025-09-08,,,4.332,,,4.164,,
2025-09-09,,,4.33225,,,4.156,,
2025-09-10,,,4.29335,,,4.14,,
2025-09-11,,,4.17725,,,4.106,,
2025-09-12,,,4.14545,,,4.097,,
2025-09-13,,,4.14545,,,4.097,,
2025-09-14,,,4.14545,,,4.097,,
2025-09-15,,,4.10675,,,4.087,,
2025-09-16,,,4.06975,,,4.074,,
2025-09-17,,,4.08065,,,4.082,,
2025-09-18,,,4.083,,,4.088,,
2025-09-19,,,4.083,,,4.087,,
2025-09-20,,,4.083,,,4.087,,
2025-09-21,,,4.083,,,4.087,,
2025-09-22,,,4.083,,,4.085,,
2025-09-23,,,4.085,,,4.091,,
2025-09-24,,,4.093,,,4.096,,
2025-09-25,,,4.096,,,4.097,,
2025-09-26,,,4.0965,,,4.097,,
2025-09-27,,,4.0965,,,4.097,,
2025-09-28,,,4.0965,,,4.097,,
2025-09-29,,,4.0955,,,4.098,,
2025-09-30,,,4.094,,,4.099,,
2025-10-01,,,4.095,,,4.098,,
2025-10-02,,,4.0975,,,4.097,,
2025-10-03,,,4.0975,,,4.101,,
2025-10-04,,,4.0975,,,4.101,,
2025-10-05,,,4.0975,,,4.101,,
2025-10-06,,,4.0975,,,4.101,,
2025-10-07,,,4.0975,,,4.1,,
2025-10-08,,,4.098,,,4.089,,
2025-10-09,,,4.1015,,,4.051,,
2025-10-10,,,4.10057,,,4.038,,
2025-10-11,,,4.10057,,,4.038,,
2025-10-12,,,4.10057,,,4.038,,
2025-10-13,,,4.1,,,4.038,,
2025-10-14,,,4.1065,,,4.025,,
2025-10-15,,,4.1175,,,4.023,,
2025-10-16,,,4.1165,,,3.979,,
2025-10-17,,,4.115,,,3.964,,
2025-10-18,,,4.115,,,3.964,,
2025-10-19,,,4.115,,,3.964,,
2025-10-20,,,4.117,,,3.959,,
2025-10-21,,,4.12022,,,3.948,,
2025-10-22,,,4.0775,,,3.935,,
2025-10-23,,,3.971,,,3.899,,
2025-10-24,,,3.936,,,3.892,,
2025-10-25,,,3.936,,,3.892,,
2025-10-26,,,3.936,,,3.892,,
2025-10-27,,,3.89695,,,3.875,,
2025-10-28,,,3.851,,,3.862,,
2025-10-29,,,3.88365,,,3.882,,
2025-10-30,,,3.881,,,3.884,,
2025-10-31,,,3.882,,,3.884,,
2025-11-01,,,3.882,,,3.884,,
2025-11-02,,,3.882,,,3.884,,
2025-11-03,,,3.8805,,,3.886,,
2025-11-04,,,3.8775,,,3.883,,
2025-11-05,,,3.877,,,3.88,,
2025-11-06,,,3.877,,,3.878,,
2025-11-07,,,3.87545,,,3.88,,
2025-11-08,,,3.87545,,,3.88,,
2025-11-09,,,3.87545,,,3.88,,
2025-11-10,,,3.879,,,3.882,,
2025-11-11,,,3.879,,,3.882,,
2025-11-12,,,3.88,,,3.883,,
2025-11-13,,,3.881,,,3.884,,
2025-11-14,,,3.88475,,,3.891,,
2025-11-15,,,3.88475,,,3.891,,
2025-11-16,,,3.88475,,,3.891,,
2025-11-17,,,3.88705,,,3.889,,
2025-11-18,,,3.886,,,3.889,,
2025-11-19,,,3.89272,,,3.886,,
2025-11-20,,,3.891,,,3.874,,
2025-11-21,,,3.899,,,3.8575,,
2025-11-22,,,3.899,,,3.8575,,
2025-11-23,,,3.899,,,3.8575,,
2025-11-24,,,3.89805,,,3.844,,
2025-11-25,,,3.8873,,,3.822,,
2025-11-26,,,3.897,,,3.775,,
2025-11-27,,,3.897,,,3.774,,
2025-11-28,,,3.88605,,,3.757,,
2025-11-29,,,3.88605,,,3.757,,
2025-11-30,,,3.88605,,,3.757,,
2025-12-01,,,3.89355,,,3.746,,
2025-12-02,,,3.889,,,3.732,,
2025-12-03,,,3.85995,,,3.7215,,
2025-12-04,,,3.75955,,,3.691,,
2025-12-05,,,3.727,,,3.681,,
2025-12-06,,,3.727,,,3.681,,
2025-12-07,,,3.727,,,3.681,,
2025-12-08,,,3.69155,,,3.667,,
2025-12-09,,,3.657,,,3.659,,
2025-12-10,,,3.64595,,,3.653,,
2025-12-11,,,3.64335,,,3.647,,
2025-12-12,,,3.6445,,,3.647,,
2025-12-13,,,3.6445,,,3.647,,
2025-12-14,,,3.6445,,,3.647,,
2025-12-15,,,3.645,,,3.647,,
2025-12-16,,,3.645,,,3.647,,
2025-12-17,,,3.6455,,,3.648,,
2025-12-18,,,3.6455,,,3.64801,,
2025-12-19,,,3.647,,,3.65,,
2025-12-20,,,3.647,,,3.65,,
2025-12-21,,,3.647,,,3.65,,
2025-12-22,,,3.6475,,,3.65,,
2025-12-23,,,3.6475,,,3.649,,
2025-12-24,,,3.64765,,,3.647,,
2025-12-25,,,3.64765,,,3.647,,
2025-12-26,,,3.65,,,3.6455,,
2025-12-27,,,3.65,,,3.6455,,
2025-12-28,,,3.65,,,3.6455,,
2025-12-29,,,3.6385,,,3.6435,,
2025-12-30,,,3.63823,,,3.64236,,
2025-12-31,,,3.636,,,3.63829,,
2026-01-01,,,3.636,,,3.636,,
2026-01-02,,,3.639,,,3.641,,
2026-01-03,,,3.639,,,3.641,,
2026-01-04,,,3.639,,,3.641,,
2026-01-05,,,3.63903,,,3.64099,,
2026-01-06,,,3.64272,,,3.646,,
2026-01-07,,,3.64185,,,3.64378,,
2026-01-08,,,3.6429,,,3.639,,
2026-01-09,,,3.64,,,3.639,,
2026-01-10,,,3.64,,,3.639,,
2026-01-11,,,3.64,,,3.639,,
2026-01-12,,,3.6395,,,3.639,,
2026-01-13,,,3.6395,,,3.639,,
2026-01-14,,,3.639,,,3.637,,
2026-01-15,,,3.638,,,3.636,,
2026-01-16,,,3.638,,,3.63474,,
2026-01-17,,,3.638,,,3.63474,,
2026-01-18,,,3.638,,,3.63474,,
2026-01-19,,,3.637,,,3.6355,,
2026-01-20,,,3.638,,,3.634,,
2026-01-21,,,3.636,,,3.634,,
2026-01-22,,,3.633,,,3.634,,
2026-01-23,,,3.63355,,,3.63504,,
2026-01-24,,,3.63355,,,3.63504,,
2026-01-25,,,3.63355,,,3.63504,,
,,,,,,,,
